{
    "READ": "THIS IS REQUIRED FOR THE PROGRAM TO WORK, DO NOT DELETE THIS FILE!",

    "types": [
        "txt",
        "py"
    ],

    "variables": [
        "[username]",
        "[displayName]",
        "[userId]",

        "[proxyEnabled]",
        "[proxyAmount]",
        "[currentProxy]",
        "[changedProxies]",
        "[ratelimits]",

        "[time]",
        "[limitedsAmount]",
        "[limiteds]",
        "[speed]",
        "[status]",
        "[priceChecks]",
        "[bought]",
        "[boughtpaid]",
        "[scanner_added]",

         "[ip]",
         "[tooltip]",
         "[memory_usage]",
         "[cpu_usage]",
         "[network_strength]",
         "[network_receive]",
         "[netowrk_transmit]",

        "[x-csrf]",
        "[cooldown]",
        "[errors]",
        "[version]",
        "[mode]",
        "[logs]",
        "[runtime]"
    ],

    "custom colours": [
        "[HEX_#fffff]",
        "[RGB_255,0,255]",
        "[GRADIENT_start_end]Text here[END]"
    ],

    "colours": {
        "[COLOR_BLACK]": 0,
        "[COLOR_RED]": 1,
        "[COLOR_GREEN]": 2,
        "[COLOR_YELLOW]": 3,
        "[COLOR_BLUE]": 4,
        "[COLOR_MAGENTA]": 5,
        "[COLOR_CYAN]": 6,
        "[COLOR_LIGHT_GRAY]": 7,
        "[COLOR_DARK_GRAY]": 8,
        "[COLOR_LIGHT_RED]": 9,
        "[COLOR_LIGHT_GREEN]": 10,
        "[COLOR_LIGHT_YELLOW]": 11,
        "[COLOR_LIGHT_BLUE]": 12,
        "[COLOR_LIGHT_MAGENTA]": 13,
        "[COLOR_LIGHT_CYAN]": 14,
        "[COLOR_WHITE]": 15,
        "[COLOR_GREY_0]": 16,
        "[COLOR_NAVY_BLUE]": 17,
        "[COLOR_DARK_BLUE]": 18,
        "[COLOR_BLUE_3A]": 19,
        "[COLOR_BLUE_3B]": 20,
        "[COLOR_BLUE_1]": 21,
        "[COLOR_DARK_GREEN]": 22,
        "[COLOR_DEEP_SKY_BLUE_4A]": 23,
        "[COLOR_DEEP_SKY_BLUE_4B]": 24,
        "[COLOR_DEEP_SKY_BLUE_4C]": 25,
        "[COLOR_DODGER_BLUE_3]": 26,
        "[COLOR_DODGER_BLUE_2]": 27,
        "[COLOR_GREEN_4]": 28,
        "[COLOR_SPRING_GREEN_4]": 29,
        "[COLOR_TURQUOISE_4]": 30,
        "[COLOR_DEEP_SKY_BLUE_3A]": 31,
        "[COLOR_DEEP_SKY_BLUE_3B]": 32,
        "[COLOR_DODGER_BLUE_1]": 33,
        "[COLOR_GREEN_3A]": 34,
        "[COLOR_SPRING_GREEN_3A]": 35,
        "[COLOR_DARK_CYAN]": 36,
        "[COLOR_LIGHT_SEA_GREEN]": 37,
        "[COLOR_DEEP_SKY_BLUE_2]": 38,
        "[COLOR_DEEP_SKY_BLUE_1]": 39,
        "[COLOR_GREEN_3B]": 40,
        "[COLOR_SPRING_GREEN_3B]": 41,
        "[COLOR_SPRING_GREEN_2A]": 42,
        "[COLOR_CYAN_3]": 43,
        "[COLOR_DARK_TURQUOISE]": 44,
        "[COLOR_TURQUOISE_2]": 45,
        "[COLOR_GREEN_1]": 46,
        "[COLOR_SPRING_GREEN_2B]": 47,
        "[COLOR_SPRING_GREEN_1]": 48,
        "[COLOR_MEDIUM_SPRING_GREEN]": 49,
        "[COLOR_CYAN_2]": 50,
        "[COLOR_CYAN_1]": 51,
        "[COLOR_DARK_RED_1]": 52,
        "[COLOR_DEEP_PINK_4A]": 53,
        "[COLOR_PURPLE_4A]": 54,
        "[COLOR_PURPLE_4B]": 55,
        "[COLOR_PURPLE_3]": 56,
        "[COLOR_BLUE_VIOLET]": 57,
        "[COLOR_ORANGE_4A]": 58,
        "[COLOR_GREY_37]": 59,
        "[COLOR_MEDIUM_PURPLE_4]": 60,
        "[COLOR_SLATE_BLUE_3A]": 61,
        "[COLOR_SLATE_BLUE_3B]": 62,
        "[COLOR_ROYAL_BLUE_1]": 63,
        "[COLOR_CHARTREUSE_4]": 64,
        "[COLOR_DARK_SEA_GREEN_4A]": 65,
        "[COLOR_PALE_TURQUOISE_4]": 66,
        "[COLOR_STEEL_BLUE]": 67,
        "[COLOR_STEEL_BLUE_3]": 68,
        "[COLOR_CORNFLOWER_BLUE]": 69,
        "[COLOR_CHARTREUSE_3A]": 70,
        "[COLOR_DARK_SEA_GREEN_4B]": 71,
        "[COLOR_CADET_BLUE_2]": 72,
        "[COLOR_CADET_BLUE_1]": 73,
        "[COLOR_SKY_BLUE_3]": 74,
        "[COLOR_STEEL_BLUE_1A]": 75,
        "[COLOR_CHARTREUSE_3B]": 76,
        "[COLOR_PALE_GREEN_3A]": 77,
        "[COLOR_SEA_GREEN_3]": 78,
        "[COLOR_AQUAMARINE_3]": 79,
        "[COLOR_MEDIUM_TURQUOISE]": 80,
        "[COLOR_STEEL_BLUE_1B]": 81,
        "[COLOR_CHARTREUSE_2A]": 82,
        "[COLOR_SEA_GREEN_2]": 83,
        "[COLOR_SEA_GREEN_1A]": 84,
        "[COLOR_SEA_GREEN_1B]": 85,
        "[COLOR_AQUAMARINE_1A]": 86,
        "[COLOR_DARK_SLATE_GRAY_2]": 87,
        "[COLOR_DARK_RED_2]": 88,
        "[COLOR_DEEP_PINK_4B]": 89,
        "[COLOR_DARK_MAGENTA_1]": 90,
        "[COLOR_DARK_MAGENTA_2]": 91,
        "[COLOR_DARK_VIOLET_1A]": 92,
        "[COLOR_PURPLE_1A]": 93,
        "[COLOR_ORANGE_4B]": 94,
        "[COLOR_LIGHT_PINK_4]": 95,
        "[COLOR_PLUM_4]": 96,
        "[COLOR_MEDIUM_PURPLE_3A]": 97,
        "[COLOR_MEDIUM_PURPLE_3B]": 98,
        "[COLOR_SLATE_BLUE_1]": 99,
        "[COLOR_YELLOW_4A]": 100,
        "[COLOR_WHEAT_4]": 101,
        "[COLOR_GREY_53]": 102,
        "[COLOR_LIGHT_SLATE_GREY]": 103,
        "[COLOR_MEDIUM_PURPLE]": 104,
        "[COLOR_LIGHT_SLATE_BLUE]": 105,
        "[COLOR_YELLOW_4B]": 106,
        "[COLOR_DARK_OLIVE_GREEN_3A]": 107,
        "[COLOR_DARK_GREEN_SEA]": 108,
        "[COLOR_LIGHT_SKY_BLUE_3A]": 109,
        "[COLOR_LIGHT_SKY_BLUE_3B]": 110,
        "[COLOR_SKY_BLUE_2]": 111,
        "[COLOR_CHARTREUSE_2B]": 112,
        "[COLOR_DARK_OLIVE_GREEN_3B]": 113,
        "[COLOR_PALE_GREEN_3B]": 114,
        "[COLOR_DARK_SEA_GREEN_3A]": 115,
        "[COLOR_DARK_SLATE_GRAY_3]": 116,
        "[COLOR_SKY_BLUE_1]": 117,
        "[COLOR_CHARTREUSE_1]": 118,
        "[COLOR_LIGHT_GREEN_2]": 119,
        "[COLOR_LIGHT_GREEN_3]": 120,
        "[COLOR_PALE_GREEN_1A]": 121,
        "[COLOR_AQUAMARINE_1B]": 122,
        "[COLOR_DARK_SLATE_GRAY_1]": 123,
        "[COLOR_RED_3A]": 124,
        "[COLOR_DEEP_PINK_4C]": 125,
        "[COLOR_MEDIUM_VIOLET_RED]": 126,
        "[COLOR_MAGENTA_3A]": 127,
        "[COLOR_DARK_VIOLET_1B]": 128,
        "[COLOR_PURPLE_1B]": 129,
        "[COLOR_DARK_ORANGE_3A]": 130,
        "[COLOR_INDIAN_RED_1A]": 131,
        "[COLOR_HOT_PINK_3A]": 132,
        "[COLOR_MEDIUM_ORCHID_3]": 133,
        "[COLOR_MEDIUM_ORCHID]": 134,
        "[COLOR_MEDIUM_PURPLE_2A]": 135,
        "[COLOR_DARK_GOLDENROD]": 136,
        "[COLOR_LIGHT_SALMON_3A]": 137,
        "[COLOR_ROSY_BROWN]": 138,
        "[COLOR_GREY_63]": 139,
        "[COLOR_MEDIUM_PURPLE_2B]": 140,
        "[COLOR_MEDIUM_PURPLE_1]": 141,
        "[COLOR_GOLD_3A]": 142,
        "[COLOR_DARK_KHAKI]": 143,
        "[COLOR_NAVAJO_WHITE_3]": 144,
        "[COLOR_GREY_69]": 145,
        "[COLOR_LIGHT_STEEL_BLUE_3]": 146,
        "[COLOR_LIGHT_STEEL_BLUE]": 147,
        "[COLOR_YELLOW_3A]": 148,
        "[COLOR_DARK_OLIVE_GREEN_3]": 149,
        "[COLOR_DARK_SEA_GREEN_3B]": 150,
        "[COLOR_DARK_SEA_GREEN_2]": 151,
        "[COLOR_LIGHT_CYAN_3]": 152,
        "[COLOR_LIGHT_SKY_BLUE_1]": 153,
        "[COLOR_GREEN_YELLOW]": 154,
        "[COLOR_DARK_OLIVE_GREEN_2]": 155,
        "[COLOR_PALE_GREEN_1B]": 156,
        "[COLOR_DARK_SEA_GREEN_5B]": 157,
        "[COLOR_DARK_SEA_GREEN_5A]": 158,
        "[COLOR_PALE_TURQUOISE_1]": 159,
        "[COLOR_RED_3B]": 160,
        "[COLOR_DEEP_PINK_3A]": 161,
        "[COLOR_DEEP_PINK_3B]": 162,
        "[COLOR_MAGENTA_3B]": 163,
        "[COLOR_MAGENTA_3C]": 164,
        "[COLOR_MAGENTA_2A]": 165,
        "[COLOR_DARK_ORANGE_3B]": 166,
        "[COLOR_INDIAN_RED_1B]": 167,
        "[COLOR_HOT_PINK_3B]": 168,
        "[COLOR_HOT_PINK_2]": 169,
        "[COLOR_ORCHID]": 170,
        "[COLOR_MEDIUM_ORCHID_1A]": 171,
        "[COLOR_ORANGE_3]": 172,
        "[COLOR_LIGHT_SALMON_3B]": 173,
        "[COLOR_LIGHT_PINK_3]": 174,
        "[COLOR_PINK_3]": 175,
        "[COLOR_PLUM_3]": 176,
        "[COLOR_VIOLET]": 177,
        "[COLOR_GOLD_3B]": 178,
        "[COLOR_LIGHT_GOLDENROD_3]": 179,
        "[COLOR_TAN]": 180,
        "[COLOR_MISTY_ROSE_3]": 181,
        "[COLOR_THISTLE_3]": 182,
        "[COLOR_PLUM_2]": 183,
        "[COLOR_YELLOW_3B]": 184,
        "[COLOR_KHAKI_3]": 185,
        "[COLOR_LIGHT_GOLDENROD_2A]": 186,
        "[COLOR_LIGHT_YELLOW_3]": 187,
        "[COLOR_GREY_84]": 188,
        "[COLOR_LIGHT_STEEL_BLUE_1]": 189,
        "[COLOR_YELLOW_2]": 190,
        "[COLOR_DARK_OLIVE_GREEN_1A]": 191,
        "[COLOR_DARK_OLIVE_GREEN_1B]": 192,
        "[COLOR_DARK_SEA_GREEN_1]": 193,
        "[COLOR_HONEYDEW_2]": 194,
        "[COLOR_LIGHT_CYAN_1]": 195,
        "[COLOR_RED_1]": 196,
        "[COLOR_DEEP_PINK_2]": 197,
        "[COLOR_DEEP_PINK_1A]": 198,
        "[COLOR_DEEP_PINK_1B]": 199,
        "[COLOR_MAGENTA_2B]": 200,
        "[COLOR_MAGENTA_1]": 201,
        "[COLOR_ORANGE_RED_1]": 202,
        "[COLOR_INDIAN_RED_1C]": 203,
        "[COLOR_INDIAN_RED_1D]": 204,
        "[COLOR_HOT_PINK_1A]": 205,
        "[COLOR_HOT_PINK_1B]": 206,
        "[COLOR_MEDIUM_ORCHID_1B]": 207,
        "[COLOR_DARK_ORANGE]": 208,
        "[COLOR_SALMON_1]": 209,
        "[COLOR_LIGHT_CORAL]": 210,
        "[COLOR_PALE_VIOLET_RED_1]": 211,
        "[COLOR_ORCHID_2]": 212,
        "[COLOR_ORCHID_1]": 213,
        "[COLOR_ORANGE_1]": 214,
        "[COLOR_SANDY_BROWN]": 215,
        "[COLOR_LIGHT_SALMON_1]": 216,
        "[COLOR_LIGHT_PINK_1]": 217,
        "[COLOR_PINK_1]": 218,
        "[COLOR_PLUM_1]": 219,
        "[COLOR_GOLD_1]": 220,
        "[COLOR_LIGHT_GOLDENROD_2B]": 221,
        "[COLOR_LIGHT_GOLDENROD_2C]": 222,
        "[COLOR_NAVAJO_WHITE_1]": 223,
        "[COLOR_MISTY_ROSE1]": 224,
        "[COLOR_THISTLE_1]": 225,
        "[COLOR_YELLOW_1]": 226,
        "[COLOR_LIGHT_GOLDENROD_1]": 227,
        "[COLOR_KHAKI_1]": 228,
        "[COLOR_WHEAT_1]": 229,
        "[COLOR_CORNSILK_1]": 230,
        "[COLOR_GREY_100]": 231,
        "[COLOR_GREY_3]": 232,
        "[COLOR_GREY_7]": 233,
        "[COLOR_GREY_11]": 234,
        "[COLOR_GREY_15]": 235,
        "[COLOR_GREY_19]": 236,
        "[COLOR_GREY_23]": 237,
        "[COLOR_GREY_27]": 238,
        "[COLOR_GREY_30]": 239,
        "[COLOR_GREY_35]": 240,
        "[COLOR_GREY_39]": 241,
        "[COLOR_GREY_42]": 242,
        "[COLOR_GREY_46]": 243,
        "[COLOR_GREY_50]": 244,
        "[COLOR_GREY_54]": 245,
        "[COLOR_GREY_58]": 246,
        "[COLOR_GREY_62]": 247,
        "[COLOR_GREY_66]": 248,
        "[COLOR_GREY_70]": 249,
        "[COLOR_GREY_74]": 250,
        "[COLOR_GREY_78]": 251,
        "[COLOR_GREY_82]": 252,
        "[COLOR_GREY_85]": 253,
        "[COLOR_GREY_89]": 254,
        "[COLOR_GREY_93]": 255
    }
}